,,,,,,,,,,,,,,,,,,,,,,,,,,,,,,,,,,,,,,,,,,
　表１．青少年(握力・上体起こし・長座体前屈・反復横とび・２０ｍシャトルラン・持久走・５０ｍ走・立ち幅とび・ソフトボール投げ・ハンドボール投げ・合計点）,,,,,,,,,,,,,,,,,,,,,,,,,,,,,,,,,,,,,,,,,,
,,,,,,,,,,,,,,,,,,,,,,,,,,,,,,,,,,,,,,,,,,
握力,,,,,,,,,,,,,,,,,,,,,,,,,,,,,,,,,,（単位：kg）,,,,,,,,
,,S40,45,50,55,60,H元,5,10,11,12,13,14,15,16,17,18,19,20,21,22,23,24,25,26,27,28,29,30,R元,2,3,4,5,6,,,,,,,
７歳,男子,…,…,…,…,…,…,…,11.58,11.44,11.12,11.56,11.59,11.24,11.23,11.36,11.08,11.04,11.28,11.15,11.07,11.11,11.14,11.16,10.95,11.04,11.22,11.10,11.18,11.00,11.12,10.74,10.76,10.83,10.47,,,,,,,
７歳,女子,…,…,…,…,…,…,…,10.62,10.47,10.20,10.51,10.68,10.62,10.44,10.55,10.34,10.30,10.31,10.39,10.56,10.34,10.34,10.35,10.37,10.41,10.40,10.42,10.44,10.23,10.47,10.18,10.09,10.16,9.95,,,,,,,
９歳,男子,…,…,…,…,…,…,…,15.88,15.19,15.18,15.34,15.45,15.22,15.04,15.18,14.89,14.97,14.99,14.84,15.17,14.84,14.63,15.03,14.80,14.94,14.94,14.90,14.64,14.45,14.89,14.39,14.31,14.43,14.30,,,,,,,
９歳,女子,…,…,…,…,…,…,…,14.70,14.09,14.09,14.17,14.19,14.28,14.07,14.07,14.01,13.97,13.96,14.01,14.46,14.13,14.02,14.11,13.77,14.23,14.04,14.13,13.99,13.87,14.50,13.87,13.88,14.02,13.58,,,,,,,
11歳,男子,20.20,20.50,21.70,21.64,21.08,21.32,21.88,20.98,21.05,20.62,20.87,21.15,20.51,20.31,20.49,20.19,20.33,20.13,20.16,20.30,19.90,19.84,20.04,19.80,20.26,19.76,20.02,19.70,19.43,20.42,19.77,19.48,19.88,19.31,,,,,,,
11歳,女子,18.40,19.30,20.90,20.59,20.49,19.62,20.21,19.93,20.05,19.57,19.96,20.04,19.36,19.57,19.98,19.46,19.59,19.97,19.89,19.66,19.72,19.27,19.74,19.42,19.73,19.70,19.58,19.37,19.23,19.86,19.53,18.66,19.36,19.36,,,,,,,
13歳,男子,28.80,30.50,30.70,31.23,31.16,31.26,31.30,31.45,31.34,31.53,31.75,31.69,31.92,30.97,31.05,31.07,31.26,30.10,30.30,31.04,30.58,30.62,29.93,30.15,29.66,30.00,29.75,30.39,30.03,30.58,30.39,30.21,30.24,29.46,,,,,,,
13歳,女子,24.10,25.10,24.30,25.43,25.56,24.22,24.83,24.51,24.20,24.19,24.52,24.62,24.75,24.27,24.14,24.02,24.34,23.97,24.01,24.47,24.14,24.42,24.35,24.37,24.00,24.44,24.22,24.32,24.24,24.17,24.19,23.99,23.90,23.58,,,,,,,
16歳,男子,42.27,43.30,44.50,44.65,44.22,43.28,43.49,42.36,41.26,42.43,42.12,42.33,42.16,42.29,42.02,42.18,41.60,42.07,41.44,41.24,41.18,41.31,41.31,41.08,40.45,40.32,40.15,39.98,39.85,39.60,39.37,38.58,39.31,38.89,,,,,,,
16歳,女子,27.53,28.40,29.70,29.39,29.03,27.25,27.41,26.79,26.54,26.59,26.66,26.76,26.85,26.47,26.71,26.72,26.69,26.93,26.50,26.90,26.52,26.55,26.45,26.98,26.60,26.66,26.31,26.35,26.92,26.09,26.56,26.18,26.08,25.98,,,,,,,
19歳,男子,44.40,45.60,…,48.07,47.47,46.93,46.08,45.16,44.30,44.02,44.24,44.01,43.89,44.63,44.21,44.02,43.80,44.18,42.95,44.20,43.64,43.72,42.57,42.34,43.07,41.65,41.77,41.69,41.44,42.22,41.54,39.64,40.15,40.66,,,,,,,
19歳,女子,28.30,29.70,…,29.97,29.76,28.93,28.24,28.22,27.27,27.39,27.64,27.30,27.45,27.73,27.31,27.20,27.57,27.24,26.60,27.02,26.94,26.52,26.38,26.58,27.18,26.86,26.47,26.11,26.41,25.47,25.92,25.93,26.14,26.90,,,,,,,
,（注１）令和２年度は新型コロナウイルス感染症のため実施時期や標本数等が異なる。,,,,,,,,,,,,,,,,,,,,,,,,,,,,,,,,,,,,,,,,,
,,,,,,,,,,,,,,,,,,,,,,,,,,,,,,,,,,,,,,,,,,
,,,,,,,,,,,,,,,,,,,,,,,,,,,,,,,,,,,,,,,,,,
上体起こし,,,,,,,,,,,,,,,,,,,,,,,,,,,（単位：回）,,,,,,,,,,,,,,,
,,H10,11,12,13,14,15,16,17,18,19,20,21,22,23,24,25,26,27,28,29,30,R元,2,3,4,5,6,,,,,,,,,,,,,,
７歳,男子,12.99,13.22,12.77,12.82,13.47,13.10,12.92,13.24,13.66,13.70,13.78,13.82,13.57,14.29,14.15,13.95,14.10,14.16,14.56,14.42,14.69,14.54,14.16,13.86,14.45,14.40,14.20,,,,,,,,,,,,,,
７歳,女子,12.49,12.24,11.90,11.84,12.38,12.35,12.48,12.42,12.86,12.71,12.73,12.99,12.94,13.30,13.73,13.30,13.30,13.86,13.87,13.78,13.77,14.13,13.65,13.46,13.63,13.69,13.18,,,,,,,,,,,,,,
９歳,男子,15.81,16.18,16.76,16.37,17.14,17.04,17.05,17.55,17.83,17.26,17.64,17.76,17.79,18.39,17.83,18.16,18.32,18.48,18.71,18.53,18.52,18.63,18.26,17.98,17.96,17.91,18.17,,,,,,,,,,,,,,
９歳,女子,14.43,14.80,14.87,14.74,15.61,15.59,15.68,16.13,16.57,15.83,16.43,16.36,16.42,16.61,16.75,16.69,17.44,17.26,17.87,17.89,17.97,17.64,17.98,17.64,17.27,17.32,17.10,,                                                                                                                                                   ,,,,,,,,,,,,
11歳,男子,19.02,19.75,20.62,20.59,20.88,21.07,21.00,21.07,21.53,21.21,21.60,21.57,22.12,21.73,22.29,21.69,22.05,21.90,22.66,22.05,22.98,22.66,21.38,21.65,21.63,22.07,22.45,,,,,,,,,,,,,,
11歳,女子,16.28,16.77,16.83,17.63,17.84,18.33,18.29,18.84,19.18,19.17,19.22,19.48,19.46,19.79,20.21,20.01,20.10,20.07,20.54,20.44,21.10,20.84,19.67,19.66,19.48,19.89,20.15,,,,,,,,,,,,,,
13歳,男子,23.45,24.67,25.27,26.00,26.34,26.79,26.93,27.41,27.30,27.10,27.50,26.74,27.41,27.80,27.79,28.67,28.44,28.09,28.35,28.08,28.26,27.84,27.57,27.31,26.59,26.42,26.72,,,,,,,,,,,,,,
13歳,女子,18.15,18.17,19.47,19.84,20.46,21.44,21.79,21.92,22.62,22.49,23.08,22.32,22.78,23.23,23.52,23.45,23.74,24.01,24.34,23.96,24.43,24.43,22.63,23.23,22.54,22.18,22.07,,,,,,,,,,,,,,
16歳,男子,25.46,26.84,28.37,28.79,29.69,29.60,30.60,30.29,31.06,30.70,31.15,30.64,31.26,30.79,30.94,31.43,31.09,31.56,31.33,31.21,31.10,30.99,29.03,29.86,29.22,29.27,29.45,,,,,,,,,,,,,,
16歳,女子,18.52,18.69,19.30,19.63,20.13,21.09,21.70,21.81,22.55,23.17,23.06,23.64,23.74,23.26,23.81,23.27,23.99,24.14,24.45,24.03,24.02,24.31,23.53,24.15,23.21,23.01,23.11,,,,,,,,,,,,,,
19歳,男子,26.16,26.39,26.53,27.94,27.97,28.90,29.88,29.50,30.66,30.61,30.54,30.44,31.03,30.14,30.92,30.11,30.59,30.75,30.56,30.76,30.62,30.15,30.25,30.79,28.62,29.78,29.06,,,,,,,,,,,,,,
19歳,女子,18.01,18.44,18.87,18.85,19.34,20.53,21.25,21.11,21.98,22.75,22.73,22.68,22.20,22.79,22.86,22.95,23.17,23.75,23.34,22.49,24.52,23.34,23.22,22.97,22.91,22.92,23.29,,,,,,,,,,,,,,
,（注１）平成１０年度から調査を実施,,,,,,,,,,,,,,,,,,,,,,,,,,,,,,,,,,,,,,,,,
,（注２）令和２年度は新型コロナウイルス感染症のため実施時期や標本数等が異なる。,,,,,,,,,,,,,,,,,,,,,,,,,,,,,,,,,,,,,,,,,
長座体前屈,,,,,,,,,,,,,,,,,,,,,,,,,,,（単位：cm）,,,,,,,,,,,,,,,
,,H10,11,12,13,14,15,16,17,18,19,20,21,22,23,24,25,26,27,28,29,30,R元,2,3,4,5,6,,,,,,,,,,,,,,
７歳,男子,27.74,26.79,27.10,27.32,28.05,27.17,27.18,27.28,27.04,26.88,27.45,27.06,26.89,27.42,27.35,27.33,27.21,27.98,27.85,27.82,27.68,27.74,28.91,28.61,28.15,28.14,28.41,,,,,,,,,,,,,,
７歳,女子,29.93,28.90,29.43,29.22,30.03,29.68,29.63,29.73,29.94,29.95,29.96,29.65,30.05,29.69,30.27,29.85,29.98,30.87,30.81,30.68,30.78,30.30,31.42,31.01,30.64,30.78,30.94,,,,,,,,,,,,,,
９歳,男子,31.35,30.46,30.97,31.09,31.74,30.92,31.00,30.33,30.60,30.80,30.28,30.46,30.50,31.17,30.83,30.49,30.82,31.47,30.34,31.23,31.08,31.06,32.26,31.78,31.97,31.55,31.87,,,,,,,,,,,,,,
９歳,女子,34.38,34.00,33.40,33.94,34.43,33.35,33.90,33.66,34.16,34.17,33.90,33.85,34.40,34.04,34.80,34.29,34.13,34.86,34.13,35.25,34.99,34.82,36.13,35.52,35.68,35.23,35.17,,,,,,,,,,,,,,
11歳,男子,35.56,34.60,34.43,34.98,35.09,34.91,35.06,34.56,35.04,34.62,34.49,34.56,35.31,34.96,35.70,34.08,34.94,35.62,36.03,35.43,35.49,35.72,36.02,35.78,36.61,36.20,36.48,,,,,,,,,,,,,,
11歳,女子,39.16,38.69,37.66,38.87,39.03,37.98,38.66,38.67,38.85,38.90,39.11,38.91,39.66,39.85,39.51,39.69,40.32,40.40,40.12,39.96,40.71,41.02,40.55,40.71,41.14,40.92,41.21,,,,,,,,,,,,,,
13歳,男子,40.62,40.77,42.31,42.65,43.18,43.83,43.50,42.76,44.08,43.69,43.15,43.64,43.53,44.58,43.91,43.41,43.97,43.79,43.57,43.95,45.31,45.48,44.99,44.80,45.14,22.18,45.21,,,,,,,,,,,,,,
13歳,女子,43.33,43.78,43.29,43.70,43.53,44.26,43.76,43.52,44.13,44.52,43.94,43.93,45.04,45.79,44.57,45.10,46.58,45.39,46.22,46.25,47.39,46.78,47.61,46.65,47.30,54.16,46.46,,,,,,,,,,,,,,
16歳,男子,44.43,46.25,47.84,48.66,49.67,50.17,49.98,49.67,50.91,50.27,49.36,50.51,50.13,50.05,49.52,49.29,49.11,50.32,49.45,48.64,49.78,49.76,48.26,49.56,48.56,49.76,50.18,,,,,,,,,,,,,,
16歳,女子,44.75,45.66,45.34,46.13,46.19,46.69,46.40,46.86,47.11,47.87,46.60,47.35,47.51,47.56,47.50,46.80,47.66,48.54,47.83,47.58,47.85,48.68,49.19,49.62,48.99,48.78,48.94,,,,,,,,,,,,,,
19歳,男子,46.15,44.99,44.78,46.03,46.81,47.73,49.36,48.93,49.77,49.34,49.75,50.13,50.10,48.27,49.77,48.30,48.49,49.15,47.91,48.89,48.46,48.81,49.13,48.63,47.26,50.05,49.06,,,,,,,,,,,,,,
19歳,女子,46.75,44.49,43.69,44.49,45.42,45.34,46.77,46.54,47.09,48.13,47.68,47.45,47.11,48.90,46.31,46.95,47.99,48.87,46.40,47.40,48.62,46.94,47.61,47.12,48.30,44.57,49.85,,,,,,,,,,,,,,
,（注１）平成１０年度から調査を実施,,,,,,,,,,,,,,,,,,,,,,,,,,,,,,,,,,,,,,,,,
,（注２）令和２年度は新型コロナウイルス感染症のため実施時期や標本数等が異なる。,,,,,,,,,,,,,,,,,,,,,,,,,,,,,,,,,,,,,,,,,
反復横とび,,,,,,,,,,,,,,,,,,,,,,,,,,,,,,,,,,（単位：点）,,,,,,,,
,,S40,45,50,55,60,H元,5,10,11,12,13,14,15,16,17,18,19,20,21,22,23,24,25,26,27,28,29,30,R元,2,3,4,5,6,,,,,,,
７歳,男子,…,…,…,…,…,…,…,29.05,29.84,29.78,30.29,30.02,30.04,30.00,30.20,30.92,30.49,31.26,30.66,31.53,31.35,31.32,31.85,31.31,31.45,32.20,32.70,32.54,31.58,32.50,31.65,31.10,31.12,31.06,,,,,,,
７歳,女子,…,…,…,…,…,…,…,28.20,28.29,28.55,28.85,28.69,29.07,28.85,29.36,29.51,29.30,29.83,29.36,30.46,29.62,30.00,29.96,30.24,30.59,31.15,31.26,31.05,30.56,30.53,30.74,29.88,30.07,29.57,,,,,,,
９歳,男子,…,…,…,…,…,…,…,36.35,36.08,36.88,36.89,37.52,38.12,38.01,37.96,38.79,37.63,38.78,38.34,38.31,39.12,38.62,38.80,39.44,39.53,39.66,40.28,39.95,39.21,39.81,39.43,38.30,38.47,39.07,,,,,,,
９歳,女子,…,…,…,…,…,…,…,34.01,34.11,34.57,34.74,35.61,35.88,35.84,36.04,36.30,35.97,37.06,36.23,36.69,36.88,37.13,36.51,37.51,38.05,37.95,38.57,38.68,37.91,38.43,37.64,36.89,36.76,37.08,,,,,,,
11歳,男子,37.10,40.20,39.50,41.24,42.72,41.54,42.32,41.31,42.43,43.50,43.43,43.58,44.88,44.86,44.67,44.90,45.15,45.43,45.41,46.56,45.76,45.86,45.79,46.15,46.65,46.70,46.98,47.02,46.27,45.87,45.86,45.51,45.55,45.91,,,,,,,
11歳,女子,36.50,39.10,38.30,39.56,41.21,39.47,38.97,38.22,38.67,39.67,40.21,40.44,41.53,41.21,42.02,42.10,42.05,42.40,42.12,43.25,42.98,42.98,43.02,43.64,43.87,43.88,44.35,44.63,44.19,44.05,43.44,42.15,42.66,42.95,,,,,,,
13歳,男子,…,…,…,…,…,…,…,46.91,48.29,49.01,49.39,49.98,51.34,51.57,51.77,51.84,51.33,51.78,51.76,52.90,52.92,52.78,53.33,53.06,53.28,53.36,53.45,54.19,53.86,54.13,53.77,52.95,53.02,53.43,,,,,,,
13歳,女子,…,…,…,…,…,…,…,41.22,41.72,42.47,42.76,43.75,44.83,45.21,44.70,45.59,45.45,45.50,45.71,46.24,47.01,46.76,46.51,47.05,47.38,47.88,47.73,48.71,48.96,48.57,48.31,47.86,47.12,47.05,,,,,,,
16歳,男子,…,…,…,…,…,…,…,48.68,50.61,51.94,52.63,53.56,54.13,54.41,54.28,55.29,55.28,55.65,55.98,55.89,56.00,56.88,56.64,57.01,57.29,57.30,57.04,57.86,57.62,56.49,57.01,56.35,56.91,57.19,,,,,,,
16歳,女子,…,…,…,…,…,…,…,41.10,41.71,42.34,42.68,43.51,44.27,43.88,44.11,45.28,45.71,45.93,46.44,46.54,46.13,47.00,46.28,47.45,47.41,47.99,47.53,48.32,48.80,48.33,48.74,48.05,47.95,48.56,,,,,,,
19歳,男子,…,…,…,…,…,…,…,51.85,51.52,52.65,54.12,53.57,54.85,55.59,55.88,56.94,56.70,57.63,57.64,56.85,57.16,58.39,57.17,58.40,58.79,57.77,58.43,58.34,57.83,58.06,58.80,56.73,56.44,58.61,,,,,,,
19歳,女子,…,…,…,…,…,…,…,44.04,43.25,43.47,43.95,44.09,45.03,46.54,45.48,45.36,46.45,46.83,47.64,46.16,47.52,48.06,47.60,48.37,48.37,47.97,47.87,49.29,48.15,48.52,48.17,48.27,46.72,49.49,,,,,,,
,（注１）令和２年度は新型コロナウイルス感染症のため実施時期や標本数等が異なる。,,,,,,,,,,,,,,,,,,,,,,,,,,,,,,,,,,,,,,,,,
,,,,,,,,,,,,,,,,,,,,,,,,,,,,,,,,,,,,,,,,,,
,,,,,,,,,,,,,,,,,,,,,,,,,,,,,,,,,,,,,,,,,,
２０ｍシャトルラン,,,,,,,,,,,,,,,,,,,,,,,,,,,（単位：回）,,,,,,,,,,,,,,,
,,H10,11,12,13,14,15,16,17,18,19,20,21,22,23,24,25,26,27,28,29,30,R元,2,3,4,5,6,,,,,,,,,,,,,,
７歳,男子,26.02,26.48,25.30,25.81,25.80,23.71,24.18,24.34,25.66,25.70,26.29,26.56,26.58,28.84,28.17,28.33,28.91,28.41,28.69,29.77,29.84,29.07,29.91,28.40,27.70,28.01,27.26,,,,,,,,,,,,,,
７歳,女子,21.31,20.75,20.57,20.43,20.38,19.51,19.70,19.72,20.77,20.56,20.01,20.72,20.80,22.08,22.63,22.14,22.70,24.10,22.73,23.05,23.07,22.27,22.91,23.14,21.59,20.93,21.30,,,,,,,,,,,,,,
９歳,男子,40.77,40.85,41.24,40.75,41.38,40.61,42.06,41.77,43.46,41.27,44.07,45.80,43.40,46.83,46.84,46.05,46.81,47.11,48.00,48.64,47.03,45.60,45.42,44.27,42.79,43.91,43.71,,,,,,,,,,,,,,
９歳,女子,32.39,31.73,31.82,32.90,32.98,31.43,33.42,32.06,33.12,32.68,33.26,34.36,32.91,34.96,35.62,34.40,36.98,36.71,38.49,37.55,38.64,37.09,36.64,35.60,33.98,33.12,33.63,,,,,,,,,,,,,,
11歳,男子,52.98,55.65,56.44,56.33,57.48,58.44,59.30,57.30,60.34,60.42,61.96,62.77,64.31,62.07,64.28,62.62,63.60,64.74,65.50,64.48,65.49,63.42,56.54,61.16,57.46,59.46,59.96,,,,,,,,,,,,,,
11歳,女子,41.49,42.07,42.56,43.57,44.62,46.06,45.15,46.79,46.94,47.74,47.66,48.45,48.37,48.80,49.07,48.95,50.44,50.75,50.47,50.94,51.19,51.56,46.49,47.52,45.08,44.43,45.55,,,,,,,,,,,,,,
13歳,男子,75.35,79.66,80.96,82.04,81.62,82.72,83.63,83.42,86.30,87.47,87.60,85.49,89.44,90.02,87.67,90.07,90.80,90.29,90.85,89.93,90.40,88.28,81.40,86.88,83.08,82.63,83.12,,,,,,,,,,,,,,
13歳,女子,50.28,52.07,53.19,54.98,55.43,57.28,57.71,57.50,58.74,59.81,59.60,57.64,60.02,62.21,61.23,59.73,61.89,61.07,62.03,61.52,64.45,62.32,58.67,60.46,56.25,53.74,54.17,,,,,,,,,,,,,,
16歳,男子,77.56,82.71,86.23,86.25,87.87,85.63,87.05,86.50,87.38,87.97,87.54,88.25,91.18,88.36,91.17,92.86,93.66,90.78,91.69,90.99,90.54,91.39,83.29,88.50,84.87,85.53,85.07,,,,,,,,,,,,,,
16歳,女子,45.71,46.62,46.82,47.51,46.64,47.04,48.64,49.12,50.51,49.96,49.64,52.76,52.21,50.39,51.75,50.32,53.48,52.51,52.66,51.83,52.40,52.35,48.82,52.60,47.81,46.80,48.27,,,,,,,,,,,,,,
19歳,男子,79.11,76.99,76.77,80.29,79.54,82.21,81.93,80.99,78.65,81.52,78.24,83.53,82.27,85.98,82.77,76.85,83.86,87.71,79.31,84.73,82.23,78.31,74.15,78.68,76.45,74.31,83.58,,,,,,,,,,,,,,
19歳,女子,45.51,44.03,44.98,44.09,43.30,45.27,44.67,44.48,43.62,44.68,45.14,46.98,45.23,47.64,46.29,41.38,45.06,48.34,47.51,45.33,47.96,44.70,42.61,40.45,44.02,39.42,43.92,,,,,,,,,,,,,,
,（注１）平成１０年度から調査を実施,,,,,,,,,,,,,,,,,,,,,,,,,,,,,,,,,,,,,,,,,
,（注２）令和２年度は新型コロナウイルス感染症のため実施時期や標本数等が異なる。,,,,,,,,,,,,,,,,,,,,,,,,,,,,,,,,,,,,,,,,,
持久走　（男子１５００ｍ　女子１０００ｍ）,,,,,,,,,,,,,,,,,,,,,,,,,,,,,,,,,,（単位：秒）,,,,,,,,
,,S40,45,50,55,60,H元,5,10,11,12,13,14,15,16,17,18,19,20,21,22,23,24,25,26,27,28,29,30,R元,2,3,4,5,6,,,,,,,
13歳,男子,385.30,373.10,370.70,368.50,366.40,376.96,382.03,393.26,383.16,385.46,393.56,388.65,388.07,383.68,384.73,386.72,392.16,391.52,383.06,374.75,376.31,381.19,377.05,370.82,381.74,372.54,377.19,379.45,377.78,401.17,389.08,396.52,388.55,390.05,,,,,,,
13歳,女子,300.90,275.20,275.80,270.77,267.11,278.40,281.67,294.11,285.00,292.77,288.61,294.98,287.34,283.57,286.52,287.29,289.22,285.48,283.53,279.39,282.29,284.33,281.88,278.41,285.66,279.35,278.62,276.97,275.21,302.54,286.56,289.74,292.56,298.12,,,,,,,
16歳,男子,365.90,358.70,354.00,352.03,357.35,372.15,373.62,378.35,376.45,369.70,381.26,376.25,375.94,381.97,378.01,384.97,370.12,375.57,371.61,373.74,368.90,372.87,373.92,364.53,365.65,356.31,363.01,365.34,360.45,387.23,363.66,372.73,368.79,372.16,,,,,,,
16歳,女子,313.67,287.20,286.20,282.68,288.48,306.65,301.08,300.21,304.87,301.61,313.81,312.81,311.61,311.33,316.90,310.01,304.73,305.83,306.17,299.39,306.36,302.27,309.86,297.65,297.56,297.46,292.62,298.80,291.40,305.51,293.07,304.75,300.55,305.02,,,,,,,
19歳,男子,365.75,364.70,…,364.28,371.08,371.03,378.10,400.45,395.13,396.79,394.92,395.12,393.54,394.65,403.20,398.54,399.38,390.77,402.89,430.14,404.98,400.45,401.76,392.25,388.58,391.69,391.68,404.36,406.92,397.20,414.11,411.15,409.33,417.00,,,,,,,
19歳,女子,324.25,294.90,…,295.58,294.28,301.99,308.27,309.58,301.82,300.85,307.83,308.95,309.82,307.98,313.87,310.65,312.50,317.54,308.99,320.72,333.65,310.48,313.30,310.26,301.66,313.92,322.40,307.52,312.67,320.44,313.84,326.68,323.37,325.76,,,,,,,
,（注１）令和２年度は新型コロナウイルス感染症のため実施時期や標本数等が異なる。,,,,,,,,,,,,,,,,,,,,,,,,,,,,,,,,,,,,,,,,,
,,,,,,,,,,,,,,,,,,,,,,,,,,,,,,,,,,,,,,,,,,
５０ｍ走,,,,,,,,,,,,,,,,,,,,,,,,,,,,,,,,,,（単位：秒）,,,,,,,,
,,S40,45,50,55,60,H元,5,10,11,12,13,14,15,16,17,18,19,20,21,22,23,24,25,26,27,28,29,30,R元,2,3,4,5,6,,,,,,,
７歳,男子,…,…,…,…,10.30,10.35,10.52,10.78,10.73,10.81,10.83,10.78,10.83,10.76,10.76,10.71,10.80,10.65,10.66,10.69,10.68,10.62,10.61,10.58,10.70,10.65,10.61,10.55,10.59,10.65,10.55,10.59,10.65,10.69,,,,,,,
７歳,女子,…,…,…,…,10.68,10.69,10.72,11.02,11.04,11.10,11.10,11.09,11.01,11.01,11.05,11.00,11.12,11.08,10.97,11.03,10.98,10.91,10.93,10.95,10.94,10.99,10.94,10.90,10.93,11.06,10.89,10.95,10.99,11.07,,,,,,,
９歳,男子,…,…,…,…,9.40,9.46,9.48,9.68,9.72,9.70,9.84,9.78,9.75,9.69,9.69,9.67,9.74,9.65,9.62,9.68,9.56,9.59,9.67,9.56,9.60,9.61,9.55,9.61,9.61,9.61,9.59,9.70,9.70,9.70,,,,,,,
９歳,女子,…,…,…,…,9.74,9.75,9.74,9.95,10.03,10.02,10.04,9.99,9.99,9.93,9.97,9.98,10.05,9.93,9.96,9.98,9.89,9.89,9.98,9.93,9.91,9.88,9.88,9.85,9.91,9.85,9.91,10.00,9.97,10.04,,,,,,,
11歳,男子,8.80,8.80,8.80,8.77,8.75,8.79,8.76,8.93,8.93,8.89,9.03,8.96,8.91,8.89,8.95,8.89,8.91,8.88,8.90,8.82,8.88,8.81,8.90,8.85,8.78,8.79,8.79,8.78,8.87,8.91,8.84,8.94,8.85,8.90,,,,,,,
11歳,女子,9.20,9.10,9.10,9.04,9.00,9.06,9.08,9.26,9.26,9.24,9.26,9.26,9.25,9.22,9.20,9.22,9.19,9.23,9.23,9.17,9.18,9.13,9.12,9.16,9.12,9.16,9.12,9.12,9.15,9.17,9.16,9.26,9.21,9.24,,,,,,,
13歳,男子,8.10,8.00,7.90,8.01,7.90,7.96,8.01,8.00,7.96,7.95,7.98,7.95,7.97,7.94,7.91,7.91,7.94,7.92,7.91,7.88,7.83,7.89,7.85,7.78,7.84,7.82,7.80,7.77,7.80,7.90,7.78,7.83,7.82,7.82,,,,,,,
13歳,女子,8.90,8.70,8.70,8.64,8.57,8.72,8.72,8.82,8.89,8.90,8.92,8.85,8.80,8.75,8.76,8.84,8.79,8.78,8.75,8.81,8.72,8.73,8.75,8.66,8.74,8.66,8.66,8.59,8.62,8.79,8.66,8.76,8.78,8.80,,,,,,,
16歳,男子,7.57,7.50,7.30,7.32,7.35,7.39,7.34,7.51,7.42,7.38,7.40,7.41,7.40,7.41,7.39,7.45,7.40,7.41,7.40,7.34,7.33,7.35,7.28,7.25,7.29,7.27,7.24,7.26,7.24,7.31,7.27,7.34,7.31,7.31,,,,,,,
16歳,女子,9.07,8.90,8.70,8.69,8.79,8.99,8.90,9.06,9.04,9.03,9.10,9.13,9.07,9.13,9.02,9.02,9.01,8.99,8.98,8.91,8.97,8.98,8.96,8.82,8.86,8.88,8.84,8.84,8.79,8.96,8.76,8.89,8.89,8.86,,,,,,,
19歳,男子,7.40,7.30,…,7.26,7.28,7.27,7.29,7.42,7.44,7.40,7.37,7.45,7.44,7.43,7.43,7.39,7.38,7.44,7.47,7.47,7.35,7.28,7.38,7.36,7.31,7.34,7.36,7.32,7.37,7.27,7.27,7.45,7.39,7.34,,,,,,,
19歳,女子,9.25,9.00,…,8.75,8.75,8.79,8.90,9.19,9.12,9.16,9.23,9.28,9.15,9.18,9.13,9.24,9.10,9.17,9.13,9.24,9.09,9.05,9.15,9.02,9.03,9.07,9.13,9.02,9.09,8.90,9.09,9.08,9.14,9.00,,,,,,,
,（注１）令和２年度は新型コロナウイルス感染症のため実施時期や標本数等が異なる。,,,,,,,,,,,,,,,,,,,,,,,,,,,,,,,,,,,,,,,,,
,,,,,,,,,,,,,,,,,,,,,,,,,,,,,,,,,,,,,,,,,,
,,,,,,,,,,,,,,,,,,,,,,,,,,,,,,,,,,,,,,,,,,
立ち幅とび,,　,,,,,,,,,,,,,,,,,,,,,,,,,,,,,,,,（単位：cm）,,,,,,,,
,,S40,45,50,55,60,H元,5,10,11,12,13,14,15,16,17,18,19,20,21,22,23,24,25,26,27,28,29,30,R元,2,3,4,5,6,,,,,,,
７歳,男子,…,…,…,…,138.73,138.94,136.40,128.45,130.08,127.17,127.68,127.13,127.08,125.83,126.62,127.55,127.23,127.67,126.25,126.44,126.79,125.55,126.15,126.20,124.33,126.34,127.37,127.38,125.57,128.87,127.19,127.41,127.40,126.53,,,,,,,
７歳,女子,…,…,…,…,129.08,128.92,127.07,120.36,118.63,117.44,117.22,117.68,117.38,116.37,116.61,118.36,118.34,118.16,117.17,117.90,118.84,119.42,118.24,118.38,117.12,117.82,120.55,118.66,117.69,121.75,119.28,119.62,117.82,117.90,,,,,,,
９歳,男子,…,…,…,…,158.53,156.39,155.46,149.07,149.15,149.21,146.85,147.11,145.49,146.24,146.12,146.61,145.48,147.12,146.15,146.45,147.14,145.62,144.71,145.72,144.50,145.26,146.55,145.84,144.52,148.84,147.73,145.25,144.48,145.59,,,,,,,
９歳,女子,…,…,…,…,147.30,148.59,146.34,140.17,139.93,139.30,138.03,137.00,136.92,137.57,136.10,138.23,137.12,138.73,137.27,136.99,138.05,138.30,137.03,137.37,136.72,138.89,139.84,141.10,137.89,143.71,141.05,137.98,137.53,136.04,,,,,,,
11歳,男子,…,…,…,…,…,…,…,168.87,168.94,168.12,166.31,166.68,166.54,167.24,165.47,165.08,165.82,166.79,165.37,167.27,164.59,165.13,163.72,166.04,166.34,166.55,165.19,167.08,164.07,166.85,166.33,166.14,166.70,166.56,,,,,,,
11歳,女子,…,…,…,…,…,…,…,156.60,155.38,154.33,154.96,154.05,154.28,154.82,155.90,153.39,156.19,155.15,154.61,155.34,155.77,155.64,155.20,157.32,156.89,156.41,156.68,158.54,156.01,158.10,155.76,154.71,155.26,155.61,,,,,,,
13歳,男子,…,…,…,…,…,…,…,197.86,198.83,197.67,198.48,198.85,200.16,200.36,198.48,199.33,197.99,196.76,196.52,198.26,201.20,199.27,200.13,197.71,196.97,199.73,199.64,203.56,201.67,203.32,203.80,203.79,203.14,203.20,,,,,,,
13歳,女子,…,…,…,…,…,…,…,167.19,166.56,165.26,166.34,167.89,170.32,170.72,167.94,169.24,169.03,169.46,168.63,170.12,172.13,171.74,169.81,170.71,171.29,172.26,172.06,176.45,175.19,173.87,174.40,172.96,172.45,172.38,,,,,,,
16歳,男子,…,…,…,…,…,…,…,223.49,224.32,226.05,224.69,224.42,223.90,225.72,222.67,223.50,222.63,223.50,223.65,224.92,224.40,224.73,223.77,224.63,223.93,223.85,223.81,224.72,225.23,224.02,223.59,223.91,223.55,225.29,,,,,,,
16歳,女子,…,…,…,…,…,…,…,168.36,168.25,166.70,166.74,165.93,167.88,167.65,165.96,168.82,168.18,169.32,170.21,171.38,170.22,169.77,168.65,170.96,171.16,172.91,169.69,172.07,172.41,173.26,173.36,173.21,171.40,172.93,,,,,,,
19歳,男子,…,…,…,…,…,…,…,231.07,228.08,231.14,232.32,232.13,231.63,231.47,228.38,231.23,228.62,230.42,230.35,225.41,228.78,230.59,229.00,228.05,230.43,231.31,229.06,230.67,228.89,221.55,230.57,223.06,225.78,227.99,,,,,,,
19歳,女子,…,…,…,…,…,…,…,166.54,168.56,167.70,167.84,166.96,168.25,172.05,170.27,166.55,168.26,171.38,170.80,166.43,170.78,169.76,170.25,170.84,172.07,169.90,168.47,170.71,169.17,167.02,168.94,169.27,167.39,169.71,,,,,,,
,（注１）令和２年度は新型コロナウイルス感染症のため実施時期や標本数等が異なる。,,,,,,,,,,,,,,,,,,,,,,,,,,,,,,,,,,,,,,,,,
,,,,,,,,,,,,,,,,,,,,,,,,,,,,,,,,,,,,,,,,,,
,,,,,,,,,,,,,,,,,,,,,,,,,,,,,,,,,,,,,,,,,,
ソフトボール投げ,,,,,,,,,,,,,,,,,,,,,,,,,,,,,,,,,,（単位：m）,,,,,,,,
,,S40,45,50,55,60,H元,5,10,11,12,13,14,15,16,17,18,19,20,21,22,23 ,24 ,25,26,27,28,29,30,R元,2,3,4,5,6,,,,,,,
７歳,男子,…,…,…,…,15.37,14.98,13.96,13.36,13.28,13.22,13.19,12.97,12.37,12.89,13.08,13.26,13.34,13.25,13.33,12.96,13.09,12.26,12.38,12.13,12.01,12.26,12.36,12.36,11.52,11.79,11.08,11.38,11.80,11.80,,,,,,,
７歳,女子,…,…,…,…,8.80,8.53,8.27,7.94,7.74,7.86,7.96,7.77,7.61,7.81,8.01,7.73,7.81,7.73,7.83,8.04,7.91,8.14,7.64,7.62,7.57,7.58,7.71,7.59,7.38,7.67,7.36,7.37,7.59,7.37,,,,,,,
９歳,男子,…,…,…,…,25.13,24.23,22.52,22.06,21.85,22.20,21.52,21.98,21.42,21.65,21.92,21.85,21.74,22.33,22.55,21.97,21.54,20.41,20.33,20.21,20.18,20.32,20.02,19.84,18.92,19.83,18.47,18.17,18.47,18.95,,,,,,,
９歳,女子,…,…,…,…,14.22,13.94,12.77,12.64,12.54,12.68,12.72,12.65,12.31,12.43,12.55,12.77,12.41,12.50,12.87,12.19,12.37,12.10,11.92,12.12,11.95,12.06,11.90,12.32,11.63,12.40,11.61,11.53,11.83,11.57,,,,,,,
11歳,男子,34.40,34.90,34.00,35.14,33.98,32.97,31.73,29.77,30.25,30.43,29.94,30.86,30.42,30.19,29.80,29.46,29.95,30.37,30.57,30.78,29.66,29.58,28.41,27.89,27.41,27.21,26.81,27.86,26.65,26.61,25.43,25.39,25.80,25.67,,,,,,,
11歳,女子,19.30,20.70,19.90,21.26,20.52,19.08,17.55,17.49,17.06,17.03,17.26,17.49,17.19,17.15,17.81,17.24,17.49,17.87,17.82,17.45,17.54,17.41,16.85,16.38,16.50,16.47,16.33,16.80,16.38,16.55,15.97,15.22,15.76,15.68,,,,,,,
,（注１）令和２年度は新型コロナウイルス感染症のため実施時期や標本数等が異なる。,,,,,,,,,,,,,,,,,,,,,,,,,,,,,,,,,,,,,,,,,
,,,,,,,,,,,,,,,,,,,,,,,,,,,,,,,,,,,,,,,,,,
,,,,,,,,,,,,,,,,,,,,,,,,,,,,,,,,,,,,,,,,,,
ハンドボール投げ,,,,,,,,,,,,,,,,,,,,,,,,,,,,,,,,,,（単位：m）,,,,,,,,
,,S40,45,50,55,60,H元,5,10,11,12,13,14,15,16,17,18,19,20,21,22,23 ,24 ,25,26,27,28,29,30,R元,2,3,4,5,6,,,,,,,
13歳,男子,22.20,22.80,22.60,22.40,22.10,22.28,22.12,21.89,21.99,22.06,22.55,21.80,22.06,22.11,22.43,22.25,22.03,21.76,22.04,21.93,22.08,21.49,21.88,21.49,21.32,21.55,21.29,21.40,21.38,21.34,21.09,21.03,21.41,21.36,,,,,,,
13歳,女子,16.10,15.80,15.40,15.63,15.36,14.94,14.41,13.91,13.56,13.43,13.63,13.75,13.92,14.13,14.05,13.93,14.10,13.99,13.88,13.89,14.01,13.56,13.76,13.54,13.41,13.65,13.35,13.92,13.79,13.37,13.35,13.32,13.22,13.14,,,,,,,
16歳,男子,27.43,27.60,27.80,28.15,27.86,27.19,27.61,26.35,26.65,27.08,26.35,26.42,26.40,26.41,26.25,26.53,26.58,26.17,26.21,26.41,26.10,26.15,26.42,26.12,25.66,25.61,25.54,25.58,25.40,25.05,25.01,24.65,24.79,25.21,,,,,,,
16歳,女子,17.50,16.80,16.90,16.52,16.37,15.98,15.73,15.10,15.07,14.76,14.46,14.49,14.52,14.61,14.52,14.61,15.00,15.03,14.64,15.16,14.74,14.52,14.58,14.82,14.41,14.66,14.35,14.40,14.51,14.39,14.35,14.20,13.83,14.06,,,,,,,
19歳,男子,30.05,28.90,…,29.41,29.54,28.92,28.61,27.14,26.63,26.75,26.89,26.67,26.85,26.91,26.50,26.37,26.08,26.64,26.09,26.29,26.93,26.44,26.10,25.63,25.60,26.21,25.30,26.10,25.38,26.97,25.22,23.26,24.91,24.57,,,,,,,
19歳,女子,17.60,16.50,…,17.26,17.24,17.08,16.63,14.72,15.02,14.80,14.53,14.55,14.60,14.75,14.04,13.96,14.26,14.77,14.59,14.02,14.54,14.09,14.13,13.95,14.07,14.30,13.77,14.04,13.67,14.30,13.73,13.42,13.76,14.28,,,,,,,
,（注１）令和２年度は新型コロナウイルス感染症のため実施時期や標本数等が異なる。,,,,,,,,,,,,,,,,,,,,,,,,,,,,,,,,,,,,,,,,,
,,,,,,,,,,,,,,,,,,,,,,,,,,,,,,,,,,,,,,,,,,
新体力テストの合計点,,,,,,,,,,,,,,,,,,,,,,,,,,,（単位：点）,,,,,,,,,,,,,,,
,,H10,11,12,13,14,15,16,17,18,19,20,21,22,23,24,25,26,27,28,29,30,R元,2,3,4,5,6,,,,,,,,,,,,,,
７歳,男子,37.32,37.41,36.57,37.05,37.43,36.35,36.53,36.99,37.34,37.15,38.02,37.58,37.50,38.13,37.71,37.92,37.95,37.69,38.19,38.89,38.87,38.10,38.25,37.97,37.99,37.84,37.62,,,,,,,,,,,,,,
７歳,女子,37.29,36.45,36.25,36.36,36.78,36.65,36.56,36.69,37.25,36.86,36.98,37.18,37.65,37.69,38.42,37.78,37.85,38.90,38.52,38.82,38.74,38.22,38.82,38.41,38.04,37.89,37.26,,,,,,,,,,,,,,
９歳,男子,48.96,48.34,49.08,48.46,49.38,48.97,49.11,49.36,49.63,48.98,49.88,50.02,49.61,50.68,49.86,49.55,50.27,50.31,50.32,50.98,50.26,49.83,50.64,49.79,48.98,48.96,49.28,,,,,,,,,,,,,,
９歳,女子,48.83,48.30,48.34,48.35,49.10,48.82,49.01,49.17,49.79,48.92,50.00,49.82,49.76,50.25,50.20,49.73,50.86,51.05,51.27,51.80,52.03,51.28,52.09,51.11,50.06,50.19,49.66,,,,,,,,,,,,,,
11歳,男子,59.19,59.78,60.44,59.89,60.64,60.90,61.03,60.61,60.88,60.90,61.29,61.27,62.30,61.01,61.88,60.61,61.45,61.82,62.02,61.94,62.40,61.29,60.40,60.78,60.26,60.86,60.96,,,,,,,,,,,,,,
11歳,女子,58.56,58.58,58.59,59.47,59.65,59.86,60.14,61.13,60.48,61.07,61.37,61.16,61.55,61.59,62.00,61.90,62.07,62.52,62.33,62.69,63.29,62.72,61.72,61.59,60.23,60.86,60.97,,,,,,,,,,,,,,
13歳,男子,38.87,39.99,40.77,41.73,41.98,42.89,42.91,43.20,43.59,42.94,43.00,42.89,44.11,44.57,43.86,44.17,44.67,43.39,44.48,44.30,45.46,45.07,44.49,44.66,44.11,43.75,44.20,,,,,,,,,,,,,,
13歳,女子,45.26,45.19,45.44,46.39,47.17,49.06,49.43,48.83,49.23,49.44,49.62,49.58,50.40,51.39,50.58,50.31,51.44,50.83,52.04,51.80,53.90,53.45,51.05,51.76,51.04,49.87,49.62,,,,,,,,,,,,,,
16歳,男子,48.00,49.80,51.83,52.23,53.07,53.43,53.55,53.43,53.82,54.01,54.04,54.21,54.89,54.41,54.78,54.67,55.71,55.15,55.29,54.79,55.31,55.46,53.10,54.07,52.48,53.39,53.63,,,,,,,,,,,,,,
16歳,女子,46.29,46.60,46.49,46.76,47.53,48.44,48.15,48.60,49.57,50.42,50.46,50.89,51.82,50.69,50.70,50.12,52.73,52.42,52.11,51.73,52.64,53.27,52.24,53.88,52.00,51.32,52.29,,,,,,,,,,,,,,
19歳,男子,51.09,49.94,50.49,52.54,51.87,52.79,54.21,53.20,54.40,53.86,54.52,54.11,53.99,54.44,55.37,53.19,54.48,55.23,54.03,54.45,54.40,53.46,53.85,53.93,50.17,52.54,52.77,,,,,,,,,,,,,,
19歳,女子,47.22,46.57,46.66,46.53,46.56,47.97,49.65,48.30,47.97,49.83,50.02,50.26,48.44,50.31,50.26,49.15,50.74,51.34,50.11,49.52,51.26,50.02,49.94,49.28,49.62,48.22,51.41,,,,,,,,,,,,,,
,（注１）平成１０年度から調査を開始,,,,,,,,,,,,,,,,,,,,,,,,,,,,,,,,,,,,,,,,,
,（注２）令和２年度は新型コロナウイルス感染症のため実施時期や標本数等が異なる。,,,,,,,,,,,,,,,,,,,,,,,,,,,,,,,,,,,,,,,,,
,,,,,,,,,,,,,,,,,,,,,,,,,,,,,,,,,,,,,,,,,,
,,,,,,,,,,,,,,,,,,,,,,,,,,,,,,,,,,,,,,,,,,
,,,,,,,,,,,,,,,,,,,,,,,,,,,,,,,,,,,,,,,,,,
,,,,,,,,,,,,,,,,,,,,,,,,,,,,,,,,,,,,,,,,,,
,,,,,,,,,,,,,,,,,,,,,,,,,,,,,,,,,,,,,,,,,,
　表２．成年（握力・上体起こし・長座体前屈・反復横とび・２０ｍシャトルラン・急歩・立ち幅とび・合計点）,,,,,,,,,,,,,,,,,,,,,,,,,,,,,,,,,,,,,,,,,,
握力,,,,,,,,,,,,,,,,,,,,,,,,,,,,,,,,,,（単位：kg）,,,,,,,,
,,S40,45,50,55,60,H元,5,10,11,12,13,14,15,16,17,18,19,20,21,22,23,24,25,26,27,28,29,30,R元,2,3,4,5,6,,,,,,,
25～29歳,男子,…,…,…,…,…,…,…,49.81,49.48,49.17,48.75,48.85,48.76,48.37,48.75,48.57,48.32,47.96,48.15,47.75,47.54,47.47,47.50,47.26,46.89,46.81,47.03,46.56,46.44,45.13,46.40,45.84,45.60,45.90,,,,,,,
25～29歳,女子,…,…,…,…,…,…,…,29.86,29.56,29.51,29.53,29.35,29.28,29.23,28.98,28.91,28.88,28.77,28.83,28.79,28.93,28.57,28.47,28.15,28.27,28.53,28.38,27.87,28.23,27.43,28.06,27.75,27.66,27.63,,,,,,,
35～39歳,男子,…,…,…,48.76,49.10,49.10,48.96,49.45,50.00,50.01,49.48,49.43,49.39,49.21,49.17,49.29,48.88,48.20,48.47,48.11,48.35,47.70,47.86,47.64,47.16,47.22,47.31,47.05,46.75,45.27,46.56,46.44,46.28,45.73,,,,,,,
35～39歳,女子,…,…,…,31.31,31.20,31.12,30.60,30.77,30.57,30.58,30.31,30.25,30.08,29.89,29.78,29.88,29.90,29.66,29.76,29.21,29.16,29.19,29.37,28.97,29.34,28.95,29.17,29.02,28.72,28.49,28.98,28.54,28.13,28.13,,,,,,,
45～49歳,男子,…,…,…,45.78,46.98,47.13,46.38,47.73,47.98,48.07,48.24,47.95,47.99,47.81,48.23,47.89,47.77,47.43,47.66,47.67,47.54,47.53,47.12,46.62,46.51,46.55,46.70,46.37,46.42,45.29,45.64,45.73,45.30,45.10,,,,,,,
45～49歳,女子,…,…,…,29.43,29.66,29.30,29.31,29.67,29.69,29.74,29.87,29.82,29.64,29.68,29.54,29.61,29.51,29.39,29.54,29.30,29.27,29.14,29.31,29.21,29.31,28.89,29.09,28.89,28.47,28.30,28.54,28.55,27.84,27.90,,,,,,,
55～59歳,男子,…,…,…,41.72,42.83,42.67,42.85,44.24,44.39,44.72,44.52,44.93,45.00,44.88,44.94,45.48,44.98,44.47,45.18,45.02,45.03,44.81,45.18,44.90,44.69,44.55,44.93,44.48,44.68,45.43,44.21,44.49,43.41,43.49,,,,,,,
55～59歳,女子,…,…,…,26.39,26.83,26.72,26.28,27.11,27.04,27.12,26.87,27.17,27.08,26.87,26.91,27.03,26.95,26.89,27.02,26.98,27.35,27.08,27.10,27.51,27.41,27.40,27.61,27.16,27.32,26.90,26.99,26.74,26.78,26.49,,,,,,,
,（注１）令和２年度は新型コロナウイルス感染症のため実施時期や標本数等が異なる。,,,,,,,,,,,,,,,,,,,,,,,,,,,,,,,,,,,,,,,,,
,,,,,,,,,,,,,,,,,,,,,,,,,,,,,,,,,,,,,,,,,,
上体起こし,,,,,,,,,,,,,,,,,,,,,,,,,,,（単位：回）,,,,,,,,,,,,,,,
,,H10,11,12,13,14,15,16,17,18,19,20,21,22,23,24,25,26,27,28,29,30,R元,2,3,4,5,6,,,,,,,,,,,,,,
25～29歳,男子,24.75,25.14,25.57,25.83,25.60,25.75,25.81,26.33,26.26,26.34,26.51,26.71,26.84,26.93,27.42,27.98,27.97,27.84,27.95,28.19,27.88,28.07,26.79,28.27,28.03,28.05,28.07,,,,,,,,,,,,,,
25～29歳,女子,17.35,17.52,17.75,17.26,17.73,17.99,17.75,17.69,17.86,18.16,18.25,18.11,18.35,18.49,18.93,19.13,19.45,19.26,19.64,19.85,20.02,20.03,19.42,19.86,20.08,20.14,20.18,,,,,,,,,,,,,,
35～39歳,男子,23.16,23.41,23.61,23.56,23.86,23.80,23.75,24.14,24.22,24.21,24.37,24.42,24.45,24.18,24.14,24.59,24.55,24.70,24.74,24.77,25.04,25.36,24.70,25.41,25.46,25.75,25.82,,,,,,,,,,,,,,
35～39歳,女子,16.35,16.71,16.89,16.73,16.91,16.79,16.71,16.93,16.88,16.99,17.14,17.07,16.86,16.77,16.77,16.58,16.82,16.81,16.71,16.81,16.94,17.06,16.92,16.90,16.96,17.02,17.21,,,,,,,,,,,,,,
45～49歳,男子,20.25,20.91,21.13,21.11,21.36,21.45,21.60,22.00,22.05,22.25,22.06,22.47,22.69,22.32,22.64,22.81,22.66,22.85,22.87,22.99,22.69,22.91,22.07,22.84,22.60,22.46,22.79,,,,,,,,,,,,,,
45～49歳,女子,14.21,14.20,14.51,14.48,15.11,15.28,15.44,15.44,15.79,15.64,16.08,15.84,16.01,16.09,15.87,16.09,16.13,16.11,15.87,16.30,16.00,15.68,14.90,15.69,15.56,15.33,15.22,,,,,,,,,,,,,,
55～59歳,男子,17.09,17.48,17.65,17.58,17.63,18.39,18.16,18.40,18.87,19.13,18.94,19.13,19.56,19.48,19.36,19.96,20.10,20.24,20.39,20.39,20.66,20.40,20.12,20.20,20.37,20.54,20.60,,,,,,,,,,,,,,
55～59歳,女子,10.58,10.28,10.44,10.86,10.39,10.87,10.72,11.24,11.19,11.52,11.82,11.82,12.06,12.23,12.22,12.34,13.43,13.65,13.26,13.77,13.59,13.21,12.52,13.31,13.67,13.64,13.12,,,,,,,,,,,,,,
,（注１）平成１０年度から調査を実施,,,,,,,,,,,,,,,,,,,,,,,,,,,,,,,,,,,,,,,,,
,（注２）令和２年度は新型コロナウイルス感染症のため実施時期や標本数等が異なる。,,,,,,,,,,,,,,,,,,,,,,,,,,,,,,,,,,,,,,,,,
長座体前屈,,,,,,,,,,,,,,,,,,,,,,,,,,,（単位：cm）,,,,,,,,,,,,,,,
,,H10,11,12,13,14,15,16,17,18,19,20,21,22,23,24,25,26,27,28,29,30,R元,2,3,4,5,6,,,,,,,,,,,,,,
25～29歳,男子,43.60,44.62,44.77,44.14,44.17,43.58,43.50,44.03,43.66,44.03,43.74,43.40,43.87,44.10,44.07,44.98,45.32,44.54,44.45,44.90,44.55,43.99,42.58,43.80,43.80,43.97,44.25,,,,,,,,,,,,,,
25～29歳,女子,45.16,46.03,46.02,45.15,45.20,44.70,44.36,44.29,44.50,44.77,44.39,44.01,44.16,44.37,44.64,44.54,44.81,43.93,44.56,44.65,44.53,44.51,43.46,45.24,43.88,44.05,44.87,,,,,,,,,,,,,,
35～39歳,男子,42.98,44.12,43.84,43.16,43.26,42.54,42.51,42.36,41.83,41.90,42.25,41.26,41.97,41.63,41.46,42.05,41.54,41.64,40.66,41.58,40.99,40.97,40.52,41.87,41.27,41.73,41.46,,,,,,,,,,,,,,
35～39歳,女子,45.00,45.77,45.34,44.97,44.28,44.49,44.32,43.87,43.51,43.61,43.50,43.36,43.73,42.94,42.74,42.69,42.75,42.75,42.53,42.60,42.30,42.23,41.26,43.18,42.87,42.93,42.42,,,,,,,,,,,,,,
45～49歳,男子,41.33,42.72,42.49,42.00,42.14,41.56,42.05,41.78,41.24,40.79,40.57,40.64,40.62,40.29,40.57,40.45,40.02,40.19,39.58,39.79,39.90,39.87,38.53,39.64,39.40,38.54,39.00,,,,,,,,,,,,,,
45～49歳,女子,43.70,44.54,43.88,43.83,44.04,43.80,43.56,43.69,43.27,43.31,42.92,42.75,42.86,42.43,42.60,42.20,42.54,41.88,42.36,41.89,42.19,41.27,41.26,41.20,41.41,41.55,40.74,,,,,,,,,,,,,,
55～59歳,男子,38.98,40.01,39.50,39.51,39.62,39.31,39.58,39.30,39.39,39.36,38.67,39.18,39.50,39.33,38.66,39.09,38.47,38.93,38.79,38.28,38.98,37.77,37.90,36.73,37.55,37.12,37.32,,,,,,,,,,,,,,
55～59歳,女子,42.12,42.85,42.26,42.75,42.85,42.18,42.22,42.26,42.11,42.19,41.78,42.23,42.24,41.94,41.84,42.10,42.57,42.32,42.30,42.41,42.33,42.30,41.90,41.63,41.34,41.47,41.10,,,,,,,,,,,,,,
,（注１）平成１０年度から調査を実施,,,,,,,,,,,,,,,,,,,,,,,,,,,,,,,,,,,,,,,,,
,（注２）令和２年度は新型コロナウイルス感染症のため実施時期や標本数等が異なる。,,,,,,,,,,,,,,,,,,,,,,,,,,,,,,,,,,,,,,,,,
,,,,,,,,,,,,,,,,,,,,,,,,,,,,,,,,,,,,,,,,,,
,,,,,,,,,,,,,,,,,,,,,,,,,,,,,,,,,,,,,,,,,,
反復横とび,,,,,,,,,,,,,,,,,,,,,,,,,,,,,,,,,,（単位：点）,,,,,,,,
,,S40,45,50,55,60,H元,5,10,11,12,13,14,15,16,17,18,19,20,21,22,23,24,25,26,27,28,29,30,R元,2,3,4,5,6,,,,,,,
25～29歳,男子,…,…,…,…,…,…,…,49.87,50.05,49.75,50.15,50.26,50.35,50.35,51.16,51.01,51.12,51.12,51.17,51.72,51.91,52.67,53.46,53.65,54.03,54.07,54.39,54.29,54.57,53.84,54.32,54.60,54.50,54.25,,,,,,,
25～29歳,女子,…,…,…,…,…,…,…,42.72,42.78,42.92,42.60,42.73,42.96,42.79,42.83,42.74,42.59,42.82,42.78,42.98,43.27,43.69,44.11,44.14,44.43,44.53,45.02,44.56,44.48,44.77,44.98,44.97,44.96,45.64,,,,,,,
35～39歳,男子,…,…,…,42.71,43.83,44.83,44.99,47.59,48.27,48.14,47.78,48.19,47.95,48.03,48.08,48.19,48.23,48.43,48.68,48.70,48.73,48.74,49.06,49.19,49.53,49.48,49.46,50.03,49.86,50.20,49.86,50.73,50.55,50.23,,,,,,,
35～39歳,女子,…,…,…,38.20,39.51,39.80,39.94,42.12,42.55,42.29,41.94,42.16,42.22,42.04,42.35,42.19,42.42,42.24,42.27,42.24,41.91,41.89,42.09,42.06,42.18,41.82,42.29,42.10,42.05,41.58,41.95,41.89,41.70,41.87,,,,,,,
45～49歳,男子,…,…,…,39.82,40.64,41.20,40.68,44.06,44.64,44.25,44.74,45.12,45.28,45.91,46.01,46.13,45.96,45.68,46.20,46.60,46.26,46.74,47.15,47.26,46.87,46.99,47.50,47.31,47.45,47.08,46.42,47.34,46.86,46.84,,,,,,,
45～49歳,女子,…,…,…,34.53,35.96,35.95,35.97,39.19,39.68,39.48,39.61,39.99,40.62,40.72,40.89,41.09,40.98,40.96,40.87,41.15,41.00,41.09,41.14,41.25,40.91,41.15,41.28,40.96,40.52,40.80,40.84,40.68,40.38,40.05,,,,,,,
55～59歳,男子,…,…,…,35.79,36.49,36.02,36.59,38.54,39.28,38.88,38.99,39.23,39.70,39.94,40.28,40.85,40.88,40.60,41.62,42.41,42.22,42.88,43.36,43.66,43.78,43.58,43.66,43.88,43.89,44.33,43.79,43.89,44.08,43.77,,,,,,,
55～59歳,女子,…,…,…,30.17,31.29,31.35,31.37,34.05,34.44,34.23,34.48,34.53,35.18,35.07,35.50,36.08,36.47,36.58,36.83,37.15,37.31,37.63,37.64,38.50,38.32,38.21,38.56,38.53,38.20,38.51,37.78,38.02,38.26,38.40,,,,,,,
,（注１）令和２年度は新型コロナウイルス感染症のため実施時期や標本数等が異なる。,,,,,,,,,,,,,,,,,,,,,,,,,,,,,,,,,,,,,,,,,
,,,,,,,,,,,,,,,,,,,,,,,,,,,,,,,,,,,,,,,,,,
,,,,,,,,,,,,,,,,,,,,,,,,,,,,,,,,,,,,,,,,,,
２０ｍシャトルラン,,,,,,,,,,,,,,,,,,,,,,,,,,,（単位：回）,,,,,,,,,,,,,,,
,,H10,11,12,13,14,15,16,17,18,19,20,21,22,23,24,25,26,27,28,29,30,R元,2,3,4,5,6,,,,,,,,,,,,,,
25～29歳,男子,58.70,57.65,59.32,59.18,59.72,59.20,59.66,62.87,63.02,61.73,61.90,62.61,63.35,62.60,66.02,66.56,67.75,67.55,65.99,67.46,66.20,66.67,64.13,64.25,66.79,66.70,66.08,,,,,,,,,,,,,,
25～29歳,女子,35.58,33.63,33.96,32.48,34.32,34.19,33.78,34.11,33.43,32.90,33.06,34.40,33.83,33.59,34.09,33.67,34.28,34.95,35.14,34.86,34.66,34.37,33.34,34.78,34.55,34.28,34.59,,,,,,,,,,,,,,
35～39歳,男子,50.55,50.78,50.00,48.41,49.88,49.80,49.89,50.65,51.17,50.90,50.80,51.80,51.59,52.40,51.79,54.04,55.34,55.32,55.28,55.83,57.49,56.89,60.80,52.42,54.82,56.89,56.72,,,,,,,,,,,,,,
35～39歳,女子,30.94,30.90,30.55,29.91,30.38,29.55,29.40,29.30,29.67,29.69,29.03,28.35,29.39,28.95,28.06,28.57,28.15,28.51,27.90,28.77,28.03,28.32,26.32,27.13,27.34,26.10,27.66,,,,,,,,,,,,,,
45～49歳,男子,39.79,39.30,40.29,40.11,40.29,40.01,41.31,41.85,42.29,41.64,41.66,43.34,44.50,44.06,44.34,45.09,44.83,44.79,46.10,46.32,45.74,46.33,51.21,45.60,46.17,46.16,45.99,,,,,,,,,,,,,,
45～49歳,女子,24.30,23.35,23.89,24.37,24.97,24.89,24.81,24.50,25.57,25.27,25.10,24.99,25.60,25.52,25.15,26.00,25.34,24.96,25.70,24.53,25.30,23.77,24.67,23.15,23.97,24.24,23.24,,,,,,,,,,,,,,
55～59歳,男子,30.31,28.94,29.62,29.43,29.51,30.87,29.52,31.69,30.44,31.31,31.60,31.93,32.82,32.85,33.58,33.94,33.18,33.36,34.71,33.76,34.43,34.51,41.70,34.12,34.33,35.12,34.69,,,,,,,,,,,,,,
55～59歳,女子,18.19,17.45,16.77,17.40,17.31,17.74,17.15,17.64,17.28,18.04,18.36,17.93,18.75,18.55,19.11,18.79,19.10,18.92,20.08,19.37,19.90,19.48,18.13,20.20,20.77,20.25,20.69,,,,,,,,,,,,,,
,（注１）平成１０年度から調査を実施,,,,,,,,,,,,,,,,,,,,,,,,,,,,,,,,,,,,,,,,,
,（注２）令和２年度は新型コロナウイルス感染症のため実施時期や標本数等が異なる。,,,,,,,,,,,,,,,,,,,,,,,,,,,,,,,,,,,,,,,,,
急歩,,,,,,,,,,,,,,,,,,,,,,,,,,,,,,,,,,（単位：秒）,,,,,,,,
,,S40,45,50,55,60,H元,5,10,11,12,13,14,15,16,17,18,19,20,21,22,23,24,25,26,27,28,29,30,R元,2,3,4,5,6,,,,,,,
25～29歳,男子,…,…,…,…,…,…,…,692.03,684.25,683.79,690.27,694.93,692.69,697.43,678.22,685.38,690.57,687.61,691.68,682.34,686.78,688.41,684.52,695.30,694.90,685.67,678.88,672.03,694.67,655.00,689.53,678.38,685.09,690.46,,,,,,,
25～29歳,女子,…,…,…,…,…,…,…,522.03,518.66,521.20,525.84,528.36,527.23,529.23,522.87,526.70,531.94,524.02,525.27,522.50,520.82,526.40,518.95,520.59,524.50,533.72,521.48,524.88,529.88,576.13,528.24,536.65,534.61,527.61,,,,,,,
35～39歳,男子,…,…,…,699.04,696.28,695.88,696.55,712.34,700.31,706.83,718.25,725.17,715.00,713.04,708.99,708.16,716.43,712.37,710.23,707.01,709.33,712.31,711.96,717.01,707.81,709.70,700.55,706.49,702.58,733.76,713.43,701.54,699.53,714.19,,,,,,,
35～39歳,女子,…,…,…,511.06,507.89,509.31,511.83,529.67,524.78,524.55,533.03,532.24,529.74,532.84,531.05,534.71,533.05,526.78,524.88,525.04,523.14,526.54,529.24,523.87,526.71,526.78,525.66,533.42,525.66,513.58,534.82,539.18,536.62,541.13,,,,,,,
45～49歳,男子,…,…,…,713.58,721.76,718.16,722.50,724.07,722.24,730.87,733.62,737.46,724.07,729.46,726.47,734.61,727.92,728.95,731.55,725.34,725.10,725.62,726.80,724.45,733.30,725.28,711.88,725.82,729.03,721.26,722.40,723.40,733.78,727.73,,,,,,,
45～49歳,女子,…,…,…,526.29,527.26,525.37,530.80,544.94,539.20,538.08,546.54,537.56,535.39,542.78,539.85,533.66,539.48,535.69,535.52,535.24,531.27,536.03,547.48,534.26,539.60,533.10,536.10,528.37,535.64,550.93,541.26,533.96,544.02,542.11,,,,,,,
55～59歳,男子,…,…,…,740.22,749.45,749.02,748.88,763.83,757.71,755.29,762.16,770.40,763.05,761.18,765.99,758.27,761.62,753.28,762.48,751.06,750.97,761.43,748.94,761.19,742.28,746.65,735.64,749.29,745.57,735.07,743.28,745.10,741.63,742.35,,,,,,,
55～59歳,女子,…,…,…,557.93,555.39,553.69,558.33,567.44,558.99,558.23,560.62,559.43,562.39,561.55,564.68,558.57,555.25,552.12,555.44,548.34,553.42,553.96,563.08,548.61,549.79,542.67,545.91,543.25,547.25,561.83,547.11,538.20,547.32,543.95,,,,,,,
,（注１）令和２年度は新型コロナウイルス感染症のため実施時期や標本数等が異なる。,,,,,,,,,,,,,,,,,,,,,,,,,,,,,,,,,,,,,,,,,
,,,,,,,,,,,,,,,,,,,,,,,,,,,,,,,,,,,,,,,,,,
,,,,,,,,,,,,,,,,,,,,,,,,,,,,,,,,,,,,,,,,,,
立ち幅とび,,,,,,,,,,,,,,,,,,,,,,,,,,,（単位：cm）,,,,,,,,,,,,,,,
,,H10,11,12,13,14,15,16,17,18,19,20,21,22,23,24,25,26,27,28,29,30,R元,2,3,4,5,6,,,,,,,,,,,,,,
25～29歳,男子,227.08,226.44,226.40,225.37,225.49,224.76,225.26,225.45,224.14,222.18,222.45,222.45,222.27,222.65,222.86,224.90,223.93,223.36,222.36,224.49,221.73,222.18,218.95,222.69,221.43,221.83,222.45,,,,,,,,,,,,,,
25～29歳,女子,168.88,169.12,167.83,165.49,166.90,166.59,166.60,165.84,164.65,163.80,164.77,162.76,163.00,162.98,163.05,163.73,162.61,163.06,163.37,164.44,162.89,162.39,164.93,162.85,162.89,163.16,165.31,,,,,,,,,,,,,,
35～39歳,男子,217.87,218.72,216.86,215.75,212.88,214.73,214.12,214.43,213.58,213.47,212.65,212.89,212.12,211.23,210.57,212.24,212.14,210.77,210.87,210.78,210.42,210.97,210.56,210.92,211.06,211.59,210.67,,,,,,,,,,,,,,
35～39歳,女子,165.68,165.92,164.63,163.30,163.62,163.29,162.68,162.91,162.52,162.79,161.10,160.96,159.43,157.98,157.94,158.50,156.92,157.05,156.62,156.93,156.87,155.20,153.55,155.05,154.55,153.80,152.81,,,,,,,,,,,,,,
45～49歳,男子,203.76,204.93,204.33,204.25,204.76,204.40,204.85,205.44,203.41,203.50,203.74,201.15,202.92,201.13,200.73,201.06,201.20,200.86,200.01,200.03,199.08,198.65,196.81,196.27,197.58,196.02,196.27,,,,,,,,,,,,,,
45～49歳,女子,152.86,154.14,152.72,153.62,153.97,154.56,154.84,154.92,155.37,153.65,154.77,153.70,153.28,152.95,151.95,151.91,151.72,150.93,151.14,149.67,150.15,147.53,148.66,147.11,146.52,146.62,144.79,,,,,,,,,,,,,,
55～59歳,男子,187.02,185.62,185.41,185.01,185.37,185.81,186.58,188.09,187.15,187.46,185.97,187.23,186.99,186.38,186.56,189.63,187.23,188.13,186.42,187.54,186.06,185.28,187.29,184.04,183.49,183.46,182.79,,,,,,,,,,,,,,
55～59歳,女子,135.92,136.39,134.85,135.91,135.06,135.70,136.53,136.88,137.35,137.77,137.47,136.56,136.58,136.82,137.89,138.21,139.51,138.65,139.38,140.60,139.68,137.25,136.67,136.81,135.44,135.71,136.72,,,,,,,,,,,,,,
,（注１）平成１０年度から調査を実施,,,,,,,,,,,,,,,,,,,,,,,,,,,,,,,,,,,,,,,,,
,（注２）令和２年度は新型コロナウイルス感染症のため実施時期や標本数等が異なる。,,,,,,,,,,,,,,,,,,,,,,,,,,,,,,,,,,,,,,,,,
新体力テストの合計点,,,,,,,,,,,,,,,,,,,,,,,,,,,（単位：点）,,,,,,,,,,,,,,,
,,H10,11,12,13,14,15,16,17,18,19,20,21,22,23,24,25,26,27,28,29,30,R元,2,3,4,5,6,,,,,,,,,,,,,,
25～29歳,男子,39.64,39.63,39.97,39.92,39.63,39.78,39.58,40.65,40.31,40.10,39.88,40.03,40.28,40.26,40.87,41.45,41.68,41.42,41.25,42.05,41.29,41.33,39.63,41.04,41.08,41.04,40.99,,,,,,,,,,,,,,
25～29歳,女子,38.70,38.62,38.64,37.79,38.27,38.41,38.02,38.01,37.80,37.65,37.81,37.78,37.74,37.95,38.34,38.40,38.43,38.59,38.90,39.26,38.84,38.78,37.60,39.13,38.56,38.63,39.31,,,,,,,,,,,,,,
35～39歳,男子,37.12,37.58,37.61,37.01,37.10,36.96,36.92,37.13,37.23,36.85,36.93,36.88,36.86,36.95,36.50,37.11,37.16,37.18,37.00,37.18,37.43,37.20,36.41,36.91,37.27,37.93,37.42,,,,,,,,,,,,,,
35～39歳,女子,37.70,37.98,37.78,37.34,37.26,37.26,36.89,36.91,36.79,36.87,36.60,36.66,36.40,35.95,35.77,35.92,35.84,36.01,35.48,36.15,35.57,35.76,34.57,35.55,35.47,35.08,35.08,,,,,,,,,,,,,,
45～49歳,男子,32.71,33.25,33.37,33.39,33.52,33.53,33.92,34.31,33.91,33.73,33.65,33.81,34.08,33.70,34.00,33.99,33.88,33.94,33.79,34.16,33.78,34.06,33.43,33.31,33.46,32.81,33.25,,,,,,,,,,,,,,
45～49歳,女子,33.49,33.90,33.69,33.99,34.39,34.63,34.61,34.75,34.88,34.60,34.71,34.55,34.52,34.39,34.26,34.31,34.46,34.23,34.23,34.21,34.03,33.08,32.99,32.79,33.10,32.94,32.23,,,,,,,,,,,,,,
55～59歳,男子,26.85,27.19,27.11,27.28,27.51,27.75,27.76,28.29,28.54,28.46,28.09,28.69,29.07,28.96,28.93,29.67,29.33,29.51,29.42,29.49,29.70,29.40,30.08,28.90,29.35,29.14,28.96,,,,,,,,,,,,,,
55～59歳,女子,27.54,27.69,27.29,27.76,27.73,28.00,27.82,28.04,28.19,28.53,28.61,28.71,28.91,29.00,29.18,29.19,30.22,30.34,30.14,30.53,30.41,29.84,29.25,29.87,29.94,29.93,29.67,,,,,,,,,,,,,,
,（注１）平成１０年度から調査を開始,,,,,,,,,,,,,,,,,,,,,,,,,,,,,,,,,,,,,,,,,
,（注２）令和２年度は新型コロナウイルス感染症のため実施時期や標本数等が異なる。,,,,,,,,,,,,,,,,,,,,,,,,,,,,,,,,,,,,,,,,,
,,,,,,,,,,,,,,,,,,,,,,,,,,,,,,,,,,,,,,,,,,
,,,,,,,,,,,,,,,,,,,,,,,,,,,,,,,,,,,,,,,,,,
,,,,,,,,,,,,,,,,,,,,,,,,,,,,,,,,,,,,,,,,,,
,,,,,,,,,,,,,,,,,,,,,,,,,,,,,,,,,,,,,,,,,,
,,,,,,,,,,,,,,,,,,,,,,,,,,,,,,,,,,,,,,,,,,
,,,,,,,,,,,,,,,,,,,,,,,,,,,,,,,,,,,,,,,,,,
　表３．高齢者（握力・上体起こし・長座体前屈・開眼片足立ち・１０ｍ障害物歩行・６分間歩行・合計点）,,,,,,,,,,,,,,,,,,,,,,,,,,,,,,,,,,,,,,,,,,
握力,,,,,,,,,,,,,,,,,,,,,,,,,,,（単位：kg）,,,,,,,,,,,,,,,
,,H10,11,12,13,14,15,16,17,18,19,20,21,22,23,24,25,26,27,28,29,30,R元,2,3,4,5,6,,,,,,,,,,,,,,
65～69歳,男子,38.64,38.40,38.44,38.64,38.83,38.68,38.97,38.71,39.23,39.09,39.34,39.04,38.92,39.05,39.54,39.73,39.77,39.98,40.04,40.19,39.68,40.38,39.70,39.38,39.32,39.36,39.30,,,,,,,,,,,,,,
65～69歳,女子,23.89,24.46,24.04,24.18,24.41,24.58,24.44,24.53,24.34,24.65,24.68,24.96,24.57,24.52,24.44,24.77,24.72,25.20,25.14,25.28,25.21,25.41,25.09,24.85,25.25,25.08,25.23,,,,,,,,,,,,,,
70～74歳,男子,36.06,36.35,36.20,36.00,36.41,36.18,36.14,35.96,36.32,36.98,36.56,36.82,37.02,37.19,37.49,37.67,37.46,37.36,37.21,38.06,37.83,38.00,38.39,37.25,37.70,37.50,37.67,,,,,,,,,,,,,,
70～74歳,女子,22.91,22.70,22.80,22.79,23.02,23.31,23.11,22.90,22.81,23.25,23.26,23.59,23.38,23.50,23.58,23.75,23.75,23.82,23.66,23.86,23.88,24.03,23.91,23.78,23.96,23.75,23.90,,,,,,,,,,,,,,
75～79歳,男子,33.52,33.08,33.53,33.71,33.97,33.57,33.53,33.69,34.15,34.55,34.26,34.30,34.35,35.16,34.71,35.07,35.02,35.07,35.36,35.74,35.32,35.90,35.20,34.93,35.01,35.07,35.13,,,,,,,,,,,,,,
75～79歳,女子,20.76,21.07,21.22,21.40,21.39,21.55,21.32,21.31,21.46,22.03,21.98,22.05,21.94,21.94,22.16,22.27,22.34,22.49,22.78,22.78,22.62,23.06,22.58,22.32,22.47,22.80,22.72,,,,,,,,,,,,,,
,（注１）平成１０年度から調査を実施,,,,,,,,,,,,,,,,,,,,,,,,,,,,,,,,,,,,,,,,,
,（注２）令和２年度は新型コロナウイルス感染症のため実施時期や標本数等が異なる。,,,,,,,,,,,,,,,,,,,,,,,,,,,,,,,,,,,,,,,,,
上体起こし,,,,,,,,,,,,,,,,,,,,,,,,,,,（単位：回）,,,,,,,,,,,,,,,
,,H10,11,12,13,14,15,16,17,18,19,20,21,22,23,24,25,26,27,28,29,30,R元,2,3,4,5,6,,,,,,,,,,,,,,
65～69歳,男子,11.97,11.93,12.03,12.77,12.79,13.18,13.24,13.30,13.40,13.76,13.95,14.05,14.13,13.78,14.51,14.68,14.99,14.93,15.39,15.61,15.88,15.84,14.72,15.13,16.11,16.18,15.90,,,,,,,,,,,,,,
65～69歳,女子,7.41,6.79,7.00,7.37,7.40,7.75,7.12,7.60,7.61,7.58,7.83,8.13,8.31,8.59,8.42,9.39,8.99,9.27,8.90,9.50,9.88,9.97,9.07,10.18,11.35,10.44,10.45,,,,,,,,,,,,,,
70～74歳,男子,10.44,10.02,10.67,11.33,10.88,11.26,10.97,11.14,11.19,11.57,11.87,12.12,12.28,12.66,12.89,13.12,12.54,12.60,13.04,13.54,13.70,13.74,13.35,13.02,14.62,14.45,14.51,,,,,,,,,,,,,,
70～74歳,女子,5.99,5.42,5.84,6.70,6.22,6.18,6.25,6.32,6.71,6.38,6.99,7.00,7.47,7.56,7.72,7.94,7.99,7.90,7.65,8.61,8.57,8.82,7.48,8.64,10.79,8.72,9.55,,,,,,,,,,,,,,
75～79歳,男子,8.62,8.34,8.70,9.42,9.39,9.80,9.61,9.56,9.64,9.92,10.46,10.35,10.44,10.77,11.10,11.04,11.00,10.81,11.07,11.81,11.52,11.30,10.79,12.30,12.41,12.30,12.59,,,,,,,,,,,,,,
75～79歳,女子,5.07,4.29,4.36,5.40,5.03,5.09,5.11,5.38,5.14,5.65,6.12,5.91,6.15,6.70,6.92,7.18,6.97,6.97,7.07,7.73,7.26,8.00,7.48,7.69,9.25,7.93,8.21,,,,,,,,,,,,,,
,（注１）平成１０年度から調査を実施,,,,,,,,,,,,,,,,,,,,,,,,,,,,,,,,,,,,,,,,,
,（注２）令和２年度は新型コロナウイルス感染症のため実施時期や標本数等が異なる。,,,,,,,,,,,,,,,,,,,,,,,,,,,,,,,,,,,,,,,,,
長座体前屈,,,,,,,,,,,,,,,,,,,,,,,,,,,（単位：cm）,,,,,,,,,,,,,,,
,,H10,11,12,13,14,15,16,17,18,19,20,21,22,23,24,25,26,27,28,29,30,R元,2,3,4,5,6,,,,,,,,,,,,,,
65～69歳,男子,37.20,37.19,37.52,37.72,37.71,38.11,36.80,37.56,37.11,37.58,37.68,37.34,37.08,36.77,37.13,36.65,36.66,36.36,35.89,35.87,36.67,35.64,34.89,34.47,35.04,35.27,35.42,,,,,,,,,,,,,,
65～69歳,女子,39.46,40.60,40.74,40.05,41.14,40.97,40.52,41.37,40.31,40.88,40.67,40.57,41.14,40.56,40.39,41.18,40.51,41.61,40.80,40.42,40.69,41.04,40.33,40.42,40.43,40.67,40.27,,,,,,,,,,,,,,
70～74歳,男子,35.77,36.23,36.32,36.60,36.31,36.74,36.44,36.21,35.91,36.83,36.03,35.79,36.16,35.90,36.43,36.34,36.26,36.58,35.59,36.19,35.77,35.79,35.38,34.94,35.24,33.86,34.65,,,,,,,,,,,,,,
70～74歳,女子,38.09,38.22,38.82,38.82,38.91,39.37,38.87,39.15,38.70,39.52,39.77,39.12,39.24,39.89,40.18,40.74,39.97,40.27,39.45,40.11,39.67,40.83,39.43,39.30,39.89,39.52,39.39,,,,,,,,,,,,,,
75～79歳,男子,33.74,34.02,34.62,35.68,34.79,35.69,34.57,34.79,35.63,34.70,34.81,34.86,35.27,35.24,35.13,35.60,34.93,34.45,34.75,35.58,34.85,35.16,34.21,33.22,34.67,33.34,33.83,,,,,,,,,,,,,,
75～79歳,女子,35.95,35.76,36.96,36.85,37.10,37.37,36.43,36.45,36.73,37.61,37.93,37.51,38.85,38.16,39.16,38.32,38.82,39.18,38.42,38.86,38.89,39.56,37.80,38.04,38.93,38.32,38.96,,,,,,,,,,,,,,
,（注１）平成１０年度から調査を実施,,,,,,,,,,,,,,,,,,,,,,,,,,,,,,,,,,,,,,,,,
,（注２）令和２年度は新型コロナウイルス感染症のため実施時期や標本数等が異なる。,,,,,,,,,,,,,,,,,,,,,,,,,,,,,,,,,,,,,,,,,
開眼片足立ち,,,,,,,,,,,,,,,,,,,,,,,,,,,（単位：秒）,,,,,,,,,,,,,,,
,,H10,11,12,13,14,15,16,17,18,19,20,21,22,23,24,25,26,27,28,29,30,R元,2,3,4,5,6,,,,,,,,,,,,,,
65～69歳,男子,69.55,74.61,77.29,73.75,78.20,76.33,78.41,76.36,81.36,82.01,79.91,83.63,85.64,82.06,85.30,84.20,87.82,87.88,87.68,85.76,82.67,87.70,78.93,83.95,78.15,82.72,83.77,,,,,,,,,,,,,,
65～69歳,女子,65.90,70.20,71.97,69.22,72.04,73.91,73.80,73.31,75.63,77.46,80.80,82.95,85.21,84.45,82.40,88.26,86.65,89.05,89.64,88.98,88.38,89.49,84.64,81.60,84.16,89.46,86.19,,,,,,,,,,,,,,
70～74歳,男子,57.32,60.90,63.95,61.49,63.85,62.82,66.40,61.52,63.52,67.18,66.53,70.93,67.78,71.28,73.33,74.61,71.30,76.65,75.29,74.55,75.87,73.97,67.77,70.67,71.55,74.77,72.18,,,,,,,,,,,,,,
70～74歳,女子,51.51,52.85,54.96,54.19,57.91,55.70,58.62,55.19,56.20,60.31,62.12,63.20,66.73,67.77,70.79,75.69,71.81,71.88,74.36,74.34,76.55,79.43,71.06,71.53,70.96,76.28,78.19,,,,,,,,,,,,,,
75～79歳,男子,42.92,46.51,49.05,48.42,48.51,46.81,51.56,49.57,48.60,48.38,50.49,52.98,50.92,56.99,54.71,56.78,55.17,58.39,58.40,61.39,58.81,58.97,59.65,56.44,57.69,58.57,58.51,,,,,,,,,,,,,,
75～79歳,女子,36.46,34.93,40.84,39.66,36.54,39.62,40.70,39.25,40.14,40.68,45.02,43.46,47.23,50.20,51.37,52.93,54.21,52.15,58.36,58.76,57.79,63.37,53.53,58.65,55.95,61.79,64.29,,,,,,,,,,,,,,
,（注１）平成１０年度から調査を実施,,,,,,,,,,,,,,,,,,,,,,,,,,,,,,,,,,,,,,,,,
,（注２）令和２年度は新型コロナウイルス感染症のため実施時期や標本数等が異なる。,,,,,,,,,,,,,,,,,,,,,,,,,,,,,,,,,,,,,,,,,
１０ｍ障害物歩行,,,,,,,,,,,,,,,,,,,,,,,,,,,（単位：秒）,,,,,,,,,,,,,,,
,,H10,11,12,13,14,15,16,17,18,19,20,21,22,23,24,25,26,27,28,29,30,R元,2,3,4,5,6,,,,,,,,,,,,,,
65～69歳,男子,7.20,6.63,6.45,6.39,6.28,6.36,6.23,6.22,6.23,6.18,6.19,6.20,6.19,6.20,6.07,6.44,5.93,5.99,6.27,6.27,6.37,6.23,6.19,6.61,6.02,6.03,5.99,,,,,,,,,,,,,,
65～69歳,女子,8.46,7.47,7.46,7.40,7.25,7.18,7.27,7.19,7.15,7.01,7.07,6.96,6.90,6.94,6.95,7.12,6.78,6.67,7.05,7.09,7.02,7.02,7.02,7.17,6.82,6.73,6.76,,,,,,,,,,,,,,
70～74歳,男子,7.62,7.03,6.97,6.90,6.80,6.85,6.81,6.78,6.72,6.64,6.66,6.54,6.52,6.55,6.41,6.68,6.40,6.30,6.65,6.65,6.65,6.58,6.27,6.83,6.30,6.29,6.21,,,,,,,,,,,,,,
70～74歳,女子,9.10,8.15,8.11,7.95,7.88,7.92,7.86,7.83,7.71,7.57,7.56,7.56,7.47,7.35,7.29,7.55,7.23,7.20,7.60,7.45,7.48,7.35,7.39,7.48,7.15,7.10,7.07,,,,,,,,,,,,,,
75～79歳,男子,8.24,7.57,7.56,7.46,7.34,7.30,7.32,7.22,7.14,7.13,7.17,7.05,7.13,6.96,6.94,7.37,6.80,6.74,7.21,7.08,7.19,7.03,7.09,7.27,6.83,6.67,6.77,,,,,,,,,,,,,,
75～79歳,女子,9.98,8.97,8.72,8.67,8.84,8.60,8.58,8.57,8.46,8.27,8.24,8.30,8.08,8.15,7.87,8.19,7.88,7.81,8.17,8.11,8.04,7.87,8.17,8.09,7.54,7.42,7.51,,,,,,,,,,,,,,
,（注１）平成１０年度から調査を実施,,,,,,,,,,,,,,,,,,,,,,,,,,,,,,,,,,,,,,,,,
,（注２）令和２年度は新型コロナウイルス感染症のため実施時期や標本数等が異なる。,,,,,,,,,,,,,,,,,,,,,,,,,,,,,,,,,,,,,,,,,
6分間歩行,,,,,,,,,,,,,,,,,,,,,,,,,,,（単位：m）,,,,,,,,,,,,,,,
,,H10,11,12,13,14,15,16,17,18,19,20,21,22,23,24,25,26,27,28,29,30,R元,2,3,4,5,6,,,,,,,,,,,,,,
65～69歳,男子,588.34,588.17,598.26,601.44,611.14,612.12,616.37,609.54,619.55,623.14,618.75,612.40,617.29,611.42,625.25,623.14,624.73,620.19,629.17,631.34,626.36,635.09,653.97,629.17,623.64,620.19,627.75,,,,,,,,,,,,,,
65～69歳,女子,548.45,549.86,554.57,558.78,564.78,563.03,564.01,564.23,569.95,573.59,575.63,571.76,570.36,570.34,571.98,590.90,586.90,590.32,593.57,591.33,595.43,597.78,611.43,584.99,588.08,586.42,591.29,,,,,,,,,,,,,,
70～74歳,男子,566.62,562.38,569.13,572.96,572.40,584.25,586.50,572.93,588.09,590.24,584.26,581.02,591.88,592.92,602.19,610.29,603.09,605.11,606.54,607.46,607.05,616.64,636.68,602.11,605.03,609.73,605.88,,,,,,,,,,,,,,
70～74歳,女子,519.31,516.44,526.80,530.34,532.82,535.46,538.92,535.10,541.02,545.28,551.38,539.23,539.39,555.04,561.09,568.96,565.10,565.59,563.99,568.49,574.14,575.88,587.53,572.97,568.80,571.10,569.09,,,,,,,,,,,,,,
75～79歳,男子,531.46,530.86,540.71,537.71,540.39,546.36,554.28,551.26,548.75,554.93,554.74,562.02,557.53,565.93,571.86,573.84,573.84,579.19,581.98,582.07,582.44,589.01,615.10,571.50,576.27,580.12,583.00,,,,,,,,,,,,,,
75～79歳,女子,484.43,482.40,492.18,494.47,487.67,499.21,504.20,500.49,501.41,508.94,515.90,515.97,511.29,516.77,526.52,531.43,534.18,530.97,534.31,534.09,540.82,550.55,554.30,535.64,541.41,544.74,550.77,,,,,,,,,,,,,,
,（注１）平成１０年度から調査を実施,,,,,,,,,,,,,,,,,,,,,,,,,,,,,,,,,,,,,,,,,
,（注２）令和２年度は新型コロナウイルス感染症のため実施時期や標本数等が異なる。,,,,,,,,,,,,,,,,,,,,,,,,,,,,,,,,,,,,,,,,,
新体力テストの合計点,,,,,,,,,,,,,,,,,,,,,,,,,,,（単位：点）,,,,,,,,,,,,,,,
,,H10,11,12,13,14,15,16,17,18,19,20,21,22,23,24,25,26,27,28,29,30,R元,2,3,4,5,6,,,,,,,,,,,,,,
65～69歳,男子,37.69,38.71,39.18,39.69,40.23,40.26,40.39,40.46,40.93,41.13,41.37,41.20,41.32,41.11,41.96,41.53,42.56,42.04,42.24,42.27,41.69,42.44,42.12,40.76,41.85,41.94,42.33,,,,,,,,,,,,,,
65～69歳,女子,36.79,38.11,38.06,38.57,38.89,39.41,38.80,39.48,39.15,39.76,40.08,40.34,40.81,40.73,40.37,41.81,41.55,41.91,41.73,41.98,42.36,42.25,41.81,41.34,43.15,41.50,42.40,,,,,,,,,,,,,,
70～74歳,男子,34.57,35.51,35.85,36.52,36.22,36.65,36.78,36.25,36.82,37.55,37.42,37.85,37.95,38.48,39.23,39.15,39.04,39.09,38.94,39.40,39.32,39.50,39.46,38.38,40.19,39.78,39.81,,,,,,,,,,,,,,
70～74歳,女子,33.47,33.86,34.51,35.37,35.16,35.53,35.53,35.37,35.69,36.20,36.91,36.87,37.39,37.98,38.32,38.59,39.05,38.80,38.31,39.46,39.30,39.82,38.38,38.49,40.70,38.40,39.95,,,,,,,,,,,,,,
75～79歳,男子,30.39,31.17,31.80,32.60,32.58,32.80,33.06,33.07,33.40,33.50,33.75,34.10,33.88,35.03,35.16,34.70,35.34,35.64,35.22,36.28,35.51,35.75,35.62,34.91,36.22,35.93,36.31,,,,,,,,,,,,,,
75～79歳,女子,29.55,29.78,30.59,31.59,30.84,31.65,31.60,31.61,31.51,32.64,33.29,33.07,33.61,34.09,34.96,34.62,35.14,35.19,35.45,36.03,35.77,36.77,35.71,35.33,37.39,35.86,37.11,,,,,,,,,,,,,,
,（注１）平成１０年度から調査を開始,,,,,,,,,,,,,,,,,,,,,,,,,,,,,,,,,,,,,,,,,
,（注２）令和２年度は新型コロナウイルス感染症のため実施時期や標本数等が異なる。,,,,,,,,,,,,,,,,,,,,,,,,,,,,,,,,,,,,,,,,,
